dates,SKU,price_per_sku
2685,49596,106.5909377180696
518,63995,109.55790981889821
1090,70252,110.8471899379957
1488,70315,110.86017134242324
1453,11050,98.64837874879811
499,90611,115.04224410847766
2760,72784,111.36891876355983
2637,83329,113.54175859988443
253,38767,104.35957853480178
652,89272,114.76633775088273
2191,59631,108.65868999474264
2189,59631,108.65868999474264
891,80308,112.91926934947793
998,17812,100.04171615735447
665,98255,116.61732117901965
2458,48671,106.40033773242708
3501,40194,104.65361764778757
1674,57561,108.23215813498048
2784,43678,105.3715099180346
815,98255,116.61732117901965
483,63995,109.55790981889821
1613,38767,104.35957853480178
608,63995,109.55790981889821
873,98255,116.61732117901965
199,57561,108.23215813498048
695,89272,114.76633775088273
2294,72784,111.36891876355983
972,80308,112.91926934947793
33,39665,104.54461506140392
1954,27885,102.11729848749175
960,70252,110.8471899379957
1332,17812,100.04171615735447
2265,80631,112.9858248039239
2664,69997,110.79464615816993
2030,27885,102.11729848749175
1204,38767,104.35957853480178
1459,43678,105.3715099180346
1453,34130,103.40410595812685
736,68211,110.42663364535099
3620,40194,104.65361764778757
651,63995,109.55790981889821
928,72784,111.36891876355983
2325,48671,106.40033773242708
1791,70315,110.86017134242324
2018,27885,102.11729848749175
1438,68211,110.42663364535099
1956,38767,104.35957853480178
1489,11050,98.64837874879811
2388,60870,108.91399094848433
2492,48671,106.40033773242708
3154,45164,105.67770621929381
2567,60870,108.91399094848433
1920,84395,113.76141220496001
1633,43678,105.3715099180346
2500,38767,104.35957853480178
1393,34130,103.40410595812685
3528,40194,104.65361764778757
1702,68211,110.42663364535099
1909,17812,100.04171615735447
107,39665,104.54461506140392
3307,38767,104.35957853480178
1905,27885,102.11729848749175
1485,68211,110.42663364535099
1672,11050,98.64837874879811
575,89272,114.76633775088273
1676,90611,115.04224410847766
2028,10334,98.50084405720888
573,38767,104.35957853480178
2254,59631,108.65868999474264
756,19632,100.41673450748351
1636,11050,98.64837874879811
2221,83329,113.54175859988443
2664,72449,111.29989066065147
1577,83329,113.54175859988443
101,39665,104.54461506140392
912,38767,104.35957853480178
1759,84395,113.76141220496001
399,63995,109.55790981889821
455,10334,98.50084405720888
1512,70315,110.86017134242324
131,38767,104.35957853480178
958,70252,110.8471899379957
3441,40194,104.65361764778757
2180,43678,105.3715099180346
2160,83329,113.54175859988443
818,24125,101.34253530260978
367,63995,109.55790981889821
119,54404,107.58164553533356
1523,70315,110.86017134242324
2370,17812,100.04171615735447
1985,84395,113.76141220496001
2764,49661,106.6043312305742
2393,57561,108.23215813498048
1121,90611,115.04224410847766
3021,45164,105.67770621929381
414,10334,98.50084405720888
835,57561,108.23215813498048
2836,49596,106.5909377180696
3361,90611,115.04224410847766
3886,36108,103.81168084634402
2533,60870,108.91399094848433
392,10334,98.50084405720888
3912,36108,103.81168084634402
2086,57561,108.23215813498048
1783,70315,110.86017134242324
1653,83329,113.54175859988443
1118,70252,110.8471899379957
3660,40194,104.65361764778757
3299,45164,105.67770621929381
2601,60870,108.91399094848433
944,80308,112.91926934947793
640,57561,108.23215813498048
943,80308,112.91926934947793
183,72784,111.36891876355983
2189,83329,113.54175859988443
1611,17812,100.04171615735447
2216,72784,111.36891876355983
1845,84395,113.76141220496001
2366,10334,98.50084405720888
1893,84395,113.76141220496001
2503,17812,100.04171615735447
3223,90611,115.04224410847766
2155,80631,112.9858248039239
1941,27885,102.11729848749175
967,70252,110.8471899379957
630,89272,114.76633775088273
31,54404,107.58164553533356
3136,72784,111.36891876355983
3082,45164,105.67770621929381
856,70252,110.8471899379957
160,72784,111.36891876355983
368,89272,114.76633775088273
1746,84395,113.76141220496001
694,70252,110.8471899379957
2258,80631,112.9858248039239
1576,43678,105.3715099180346
1864,70315,110.86017134242324
1709,84395,113.76141220496001
2943,27240,101.98439363263833
2803,83329,113.54175859988443
1601,11050,98.64837874879811
2708,10334,98.50084405720888
569,89272,114.76633775088273
510,38767,104.35957853480178
2460,17812,100.04171615735447
3582,36096,103.80920819788163
1910,57561,108.23215813498048
3495,40194,104.65361764778757
285,89272,114.76633775088273
1722,84395,113.76141220496001
782,19632,100.41673450748351
454,38767,104.35957853480178
247,54404,107.58164553533356
2173,43678,105.3715099180346
1729,84395,113.76141220496001
1523,11050,98.64837874879811
412,89272,114.76633775088273
2307,43678,105.3715099180346
125,54404,107.58164553533356
35,39665,104.54461506140392
3488,90611,115.04224410847766
73,54404,107.58164553533356
3423,10334,98.50084405720888
347,89272,114.76633775088273
1147,68211,110.42663364535099
39,39665,104.54461506140392
524,38767,104.35957853480178
1766,70315,110.86017134242324
3373,72784,111.36891876355983
2357,48671,106.40033773242708
1075,72784,111.36891876355983
2394,17812,100.04171615735447
1022,70252,110.8471899379957
620,89272,114.76633775088273
251,39665,104.54461506140392
920,80308,112.91926934947793
304,39665,104.54461506140392
760,98255,116.61732117901965
3799,36108,103.81168084634402
593,89272,114.76633775088273
318,39665,104.54461506140392
3710,36108,103.81168084634402
1037,80308,112.91926934947793
221,72784,111.36891876355983
2614,60870,108.91399094848433
3777,36108,103.81168084634402
928,80308,112.91926934947793
3143,45164,105.67770621929381
562,63995,109.55790981889821
2529,60870,108.91399094848433
469,63995,109.55790981889821
910,80308,112.91926934947793
2985,10334,98.50084405720888
2752,49661,106.6043312305742
439,63995,109.55790981889821
1334,11050,98.64837874879811
1250,34130,103.40410595812685
1524,68211,110.42663364535099
364,89272,114.76633775088273
774,70252,110.8471899379957
1476,11050,98.64837874879811
2448,60870,108.91399094848433
303,39665,104.54461506140392
12,54404,107.58164553533356
2375,48671,106.40033773242708
1550,11050,98.64837874879811
102,54404,107.58164553533356
1479,70315,110.86017134242324
152,90611,115.04224410847766
1870,70315,110.86017134242324
2389,48671,106.40033773242708
346,39665,104.54461506140392
398,63995,109.55790981889821
2015,57561,108.23215813498048
1731,70315,110.86017134242324
982,80308,112.91926934947793
1594,70315,110.86017134242324
44,57561,108.23215813498048
2143,72784,111.36891876355983
551,89272,114.76633775088273
282,89272,114.76633775088273
3529,40194,104.65361764778757
1998,84395,113.76141220496001
3555,40194,104.65361764778757
2522,48671,106.40033773242708
2507,60870,108.91399094848433
3522,40194,104.65361764778757
305,89272,114.76633775088273
938,80308,112.91926934947793
389,89272,114.76633775088273
1825,84395,113.76141220496001
932,70252,110.8471899379957
998,80308,112.91926934947793
1025,80308,112.91926934947793
2926,27240,101.98439363263833
589,89272,114.76633775088273
868,80308,112.91926934947793
2039,27885,102.11729848749175
1472,90611,115.04224410847766
251,90611,115.04224410847766
1432,34130,103.40410595812685
1677,10334,98.50084405720888
3540,40194,104.65361764778757
702,89272,114.76633775088273
839,57561,108.23215813498048
427,38767,104.35957853480178
1837,84395,113.76141220496001
2055,84395,113.76141220496001
2591,57561,108.23215813498048
2060,84395,113.76141220496001
533,63995,109.55790981889821
141,90611,115.04224410847766
983,80308,112.91926934947793
1363,10334,98.50084405720888
713,70252,110.8471899379957
3739,36108,103.81168084634402
424,63995,109.55790981889821
1697,84395,113.76141220496001
360,63995,109.55790981889821
740,72784,111.36891876355983
306,10334,98.50084405720888
437,68211,110.42663364535099
1608,70315,110.86017134242324
1841,83329,113.54175859988443
2608,60870,108.91399094848433
1195,34130,103.40410595812685
1846,84395,113.76141220496001
103,38767,104.35957853480178
2360,48671,106.40033773242708
156,54404,107.58164553533356
3333,45164,105.67770621929381
2119,27885,102.11729848749175
2908,27240,101.98439363263833
1087,70252,110.8471899379957
1556,57561,108.23215813498048
510,63995,109.55790981889821
981,38767,104.35957853480178
866,70252,110.8471899379957
404,89272,114.76633775088273
668,89272,114.76633775088273
1287,57561,108.23215813498048
952,70252,110.8471899379957
3369,45164,105.67770621929381
2032,84395,113.76141220496001
1640,43678,105.3715099180346
340,10334,98.50084405720888
1123,70252,110.8471899379957
1950,17812,100.04171615735447
2487,48671,106.40033773242708
1338,57561,108.23215813498048
3933,36108,103.81168084634402
1852,84395,113.76141220496001
1965,27885,102.11729848749175
3703,36108,103.81168084634402
2177,80631,112.9858248039239
499,89272,114.76633775088273
135,39665,104.54461506140392
614,90611,115.04224410847766
1291,11050,98.64837874879811
2286,59631,108.65868999474264
935,80308,112.91926934947793
613,68211,110.42663364535099
2261,80631,112.9858248039239
1984,27885,102.11729848749175
1381,72784,111.36891876355983
3279,45164,105.67770621929381
1623,68211,110.42663364535099
4,54404,107.58164553533356
1110,38767,104.35957853480178
3038,17812,100.04171615735447
1463,17812,100.04171615735447
850,70252,110.8471899379957
1023,17812,100.04171615735447
3482,40194,104.65361764778757
91,68211,110.42663364535099
487,63995,109.55790981889821
2716,49661,106.6043312305742
2620,69997,110.79464615816993
3712,90611,115.04224410847766
2169,10334,98.50084405720888
3583,17812,100.04171615735447
981,80308,112.91926934947793
408,89272,114.76633775088273
92,72784,111.36891876355983
637,89272,114.76633775088273
1335,11050,98.64837874879811
2913,64619,109.68648753894246
2453,48671,106.40033773242708
1925,84395,113.76141220496001
70,72784,111.36891876355983
1280,11050,98.64837874879811
650,89272,114.76633775088273
1368,34130,103.40410595812685
3468,40194,104.65361764778757
427,89272,114.76633775088273
2078,10334,98.50084405720888
830,24125,101.34253530260978
544,57561,108.23215813498048
573,89272,114.76633775088273
3462,36096,103.80920819788163
2135,90611,115.04224410847766
716,10334,98.50084405720888
3191,83329,113.54175859988443
1301,11050,98.64837874879811
1578,70315,110.86017134242324
927,70252,110.8471899379957
3,39665,104.54461506140392
1245,34130,103.40410595812685
890,57561,108.23215813498048
1284,34130,103.40410595812685
2083,84395,113.76141220496001
2549,69997,110.79464615816993
188,38767,104.35957853480178
1564,11050,98.64837874879811
1254,34130,103.40410595812685
664,57561,108.23215813498048
3537,90611,115.04224410847766
1183,80308,112.91926934947793
1560,83329,113.54175859988443
686,89272,114.76633775088273
2865,27240,101.98439363263833
1037,98255,116.61732117901965
289,89272,114.76633775088273
1589,68211,110.42663364535099
2813,49596,106.5909377180696
2474,48671,106.40033773242708
1469,11050,98.64837874879811
3405,45164,105.67770621929381
2183,59631,108.65868999474264
100,72784,111.36891876355983
3663,72784,111.36891876355983
1687,17812,100.04171615735447
1055,72784,111.36891876355983
1900,17812,100.04171615735447
3762,72784,111.36891876355983
1611,11050,98.64837874879811
2328,48671,106.40033773242708
1605,43678,105.3715099180346
2287,59631,108.65868999474264
1214,80308,112.91926934947793
1965,72784,111.36891876355983
1990,84395,113.76141220496001
877,98255,116.61732117901965
1148,80308,112.91926934947793
2401,60870,108.91399094848433
1747,70315,110.86017134242324
2851,90611,115.04224410847766
1718,70315,110.86017134242324
236,54404,107.58164553533356
3480,36096,103.80920819788163
1195,80308,112.91926934947793
3026,45164,105.67770621929381
3317,10334,98.50084405720888
170,57561,108.23215813498048
2602,48671,106.40033773242708
1455,11050,98.64837874879811
3257,10334,98.50084405720888
2859,49596,106.5909377180696
3753,36108,103.81168084634402
1544,11050,98.64837874879811
515,89272,114.76633775088273
1981,72784,111.36891876355983
1374,11050,98.64837874879811
563,63995,109.55790981889821
571,89272,114.76633775088273
265,54404,107.58164553533356
2107,27885,102.11729848749175
755,19632,100.41673450748351
2846,49596,106.5909377180696
1437,11050,98.64837874879811
2348,48671,106.40033773242708
2422,60870,108.91399094848433
1383,34130,103.40410595812685
3035,45164,105.67770621929381
3263,45164,105.67770621929381
3749,72784,111.36891876355983
3558,10334,98.50084405720888
526,90611,115.04224410847766
931,90611,115.04224410847766
3828,83329,113.54175859988443
2262,10334,98.50084405720888
3684,36108,103.81168084634402
2589,38767,104.35957853480178
492,89272,114.76633775088273
1768,70315,110.86017134242324
131,39665,104.54461506140392
293,10334,98.50084405720888
1660,70315,110.86017134242324
96,39665,104.54461506140392
978,17812,100.04171615735447
238,54404,107.58164553533356
311,39665,104.54461506140392
1992,72784,111.36891876355983
670,38767,104.35957853480178
1943,84395,113.76141220496001
2522,57561,108.23215813498048
622,57561,108.23215813498048
808,24125,101.34253530260978
407,63995,109.55790981889821
3714,83329,113.54175859988443
1617,70315,110.86017134242324
1189,80308,112.91926934947793
119,39665,104.54461506140392
1983,27885,102.11729848749175
2646,90611,115.04224410847766
1686,84395,113.76141220496001
2229,17812,100.04171615735447
167,54404,107.58164553533356
2598,60870,108.91399094848433
900,70252,110.8471899379957
1691,70315,110.86017134242324
643,89272,114.76633775088273
592,63995,109.55790981889821
2551,83329,113.54175859988443
2183,10334,98.50084405720888
628,57561,108.23215813498048
1229,57561,108.23215813498048
3748,10334,98.50084405720888
2445,60870,108.91399094848433
673,38767,104.35957853480178
1634,70315,110.86017134242324
582,63995,109.55790981889821
914,70252,110.8471899379957
2925,36096,103.80920819788163
2591,60870,108.91399094848433
3036,72784,111.36891876355983
2787,49661,106.6043312305742
2661,57561,108.23215813498048
1160,34130,103.40410595812685
1501,70315,110.86017134242324
2898,36096,103.80920819788163
1683,70315,110.86017134242324
974,68211,110.42663364535099
1710,84395,113.76141220496001
2995,45164,105.67770621929381
3652,17812,100.04171615735447
747,98255,116.61732117901965
155,54404,107.58164553533356
1957,27885,102.11729848749175
559,89272,114.76633775088273
1879,68211,110.42663364535099
3422,40194,104.65361764778757
1179,80308,112.91926934947793
1655,70315,110.86017134242324
3035,57561,108.23215813498048
2558,69997,110.79464615816993
1147,34130,103.40410595812685
1511,70315,110.86017134242324
1875,84395,113.76141220496001
1084,80308,112.91926934947793
669,57561,108.23215813498048
2768,49661,106.6043312305742
3319,45164,105.67770621929381
2511,69997,110.79464615816993
450,63995,109.55790981889821
747,70252,110.8471899379957
2507,38767,104.35957853480178
2105,84395,113.76141220496001
2452,48671,106.40033773242708
3857,36108,103.81168084634402
1408,11050,98.64837874879811
2425,10334,98.50084405720888
1149,34130,103.40410595812685
322,90611,115.04224410847766
1703,70315,110.86017134242324
3745,36108,103.81168084634402
1636,83329,113.54175859988443
2390,43678,105.3715099180346
1271,57561,108.23215813498048
543,63995,109.55790981889821
3694,36108,103.81168084634402
2208,10334,98.50084405720888
2667,10334,98.50084405720888
3490,17812,100.04171615735447
3095,45164,105.67770621929381
2009,27885,102.11729848749175
2097,72784,111.36891876355983
3134,17812,100.04171615735447
2078,84395,113.76141220496001
1725,72784,111.36891876355983
291,89272,114.76633775088273
1233,80308,112.91926934947793
625,90611,115.04224410847766
1338,11050,98.64837874879811
3749,36108,103.81168084634402
1192,80308,112.91926934947793
401,38767,104.35957853480178
852,70252,110.8471899379957
712,19632,100.41673450748351
3732,38767,104.35957853480178
500,63995,109.55790981889821
131,54404,107.58164553533356
3427,38767,104.35957853480178
434,10334,98.50084405720888
3616,40194,104.65361764778757
259,39665,104.54461506140392
2684,49661,106.6043312305742
1483,11050,98.64837874879811
2519,48671,106.40033773242708
2125,72784,111.36891876355983
3853,36108,103.81168084634402
1616,11050,98.64837874879811
1437,38767,104.35957853480178
538,89272,114.76633775088273
3647,40194,104.65361764778757
651,89272,114.76633775088273
1593,70315,110.86017134242324
1066,90611,115.04224410847766
1713,68211,110.42663364535099
2242,57561,108.23215813498048
2742,43678,105.3715099180346
2520,90611,115.04224410847766
1623,70315,110.86017134242324
3607,10334,98.50084405720888
887,80308,112.91926934947793
2828,57561,108.23215813498048
59,54404,107.58164553533356
3011,10334,98.50084405720888
260,54404,107.58164553533356
1963,84395,113.76141220496001
33,57561,108.23215813498048
3487,40194,104.65361764778757
1010,72784,111.36891876355983
2417,60870,108.91399094848433
2907,43678,105.3715099180346
2765,49661,106.6043312305742
169,54404,107.58164553533356
2478,48671,106.40033773242708
2968,43678,105.3715099180346
543,72784,111.36891876355983
2213,43678,105.3715099180346
1477,10334,98.50084405720888
1219,80308,112.91926934947793
3809,17812,100.04171615735447
457,89272,114.76633775088273
1807,70315,110.86017134242324
565,63995,109.55790981889821
1309,11050,98.64837874879811
1285,34130,103.40410595812685
1094,98255,116.61732117901965
3019,43678,105.3715099180346
1803,84395,113.76141220496001
2754,49596,106.5909377180696
2609,48671,106.40033773242708
2431,60870,108.91399094848433
1918,17812,100.04171615735447
1446,10334,98.50084405720888
349,89272,114.76633775088273
3231,83329,113.54175859988443
3497,40194,104.65361764778757
1269,11050,98.64837874879811
2221,80631,112.9858248039239
1663,90611,115.04224410847766
303,89272,114.76633775088273
321,39665,104.54461506140392
1619,38767,104.35957853480178
426,63995,109.55790981889821
1010,70252,110.8471899379957
1155,90611,115.04224410847766
321,89272,114.76633775088273
2405,48671,106.40033773242708
989,80308,112.91926934947793
1347,11050,98.64837874879811
80,39665,104.54461506140392
417,89272,114.76633775088273
2703,49661,106.6043312305742
2835,49661,106.6043312305742
335,39665,104.54461506140392
2290,80631,112.9858248039239
3065,45164,105.67770621929381
2210,59631,108.65868999474264
3429,40194,104.65361764778757
2682,83329,113.54175859988443
2366,60870,108.91399094848433
3547,40194,104.65361764778757
330,39665,104.54461506140392
1088,17812,100.04171615735447
3914,36108,103.81168084634402
1991,84395,113.76141220496001
291,39665,104.54461506140392
3034,45164,105.67770621929381
3632,43678,105.3715099180346
2786,90611,115.04224410847766
457,63995,109.55790981889821
2484,48671,106.40033773242708
1370,11050,98.64837874879811
2666,49661,106.6043312305742
124,90611,115.04224410847766
338,89272,114.76633775088273
31,39665,104.54461506140392
3166,45164,105.67770621929381
91,54404,107.58164553533356
290,38767,104.35957853480178
3780,36108,103.81168084634402
2191,57561,108.23215813498048
1195,72784,111.36891876355983
1745,84395,113.76141220496001
30,54404,107.58164553533356
1208,34130,103.40410595812685
668,70252,110.8471899379957
3626,72784,111.36891876355983
765,72784,111.36891876355983
1626,70315,110.86017134242324
1712,38767,104.35957853480178
2517,48671,106.40033773242708
1183,34130,103.40410595812685
209,68211,110.42663364535099
1084,70252,110.8471899379957
3465,40194,104.65361764778757
373,63995,109.55790981889821
2829,43678,105.3715099180346
2731,43678,105.3715099180346
3538,40194,104.65361764778757
2337,90611,115.04224410847766
1913,38767,104.35957853480178
1657,90611,115.04224410847766
1702,84395,113.76141220496001
169,39665,104.54461506140392
19,54404,107.58164553533356
3680,36108,103.81168084634402
1297,34130,103.40410595812685
3889,36108,103.81168084634402
3805,90611,115.04224410847766
1509,70315,110.86017134242324
3334,45164,105.67770621929381
673,70252,110.8471899379957
1152,98255,116.61732117901965
3780,83329,113.54175859988443
2833,64619,109.68648753894246
758,68211,110.42663364535099
2509,83329,113.54175859988443
2633,49661,106.6043312305742
2838,10334,98.50084405720888
1056,70252,110.8471899379957
1006,80308,112.91926934947793
315,39665,104.54461506140392
1460,83329,113.54175859988443
1113,70252,110.8471899379957
181,68211,110.42663364535099
1203,68211,110.42663364535099
2210,80631,112.9858248039239
3668,36096,103.80920819788163
537,89272,114.76633775088273
2766,83329,113.54175859988443
770,19632,100.41673450748351
1458,70315,110.86017134242324
1871,84395,113.76141220496001
3135,43678,105.3715099180346
3860,36108,103.81168084634402
1718,84395,113.76141220496001
1535,11050,98.64837874879811
47,39665,104.54461506140392
937,70252,110.8471899379957
2894,27240,101.98439363263833
1472,70315,110.86017134242324
471,72784,111.36891876355983
1462,72784,111.36891876355983
2465,48671,106.40033773242708
1996,83329,113.54175859988443
662,10334,98.50084405720888
570,57561,108.23215813498048
3457,40194,104.65361764778757
2826,49596,106.5909377180696
1869,43678,105.3715099180346
1885,70315,110.86017134242324
1106,17812,100.04171615735447
426,68211,110.42663364535099
2667,49661,106.6043312305742
1724,83329,113.54175859988443
795,70252,110.8471899379957
3520,40194,104.65361764778757
1441,90611,115.04224410847766
277,89272,114.76633775088273
2239,59631,108.65868999474264
31,57561,108.23215813498048
1444,90611,115.04224410847766
3834,36108,103.81168084634402
3464,40194,104.65361764778757
3705,17812,100.04171615735447
1194,34130,103.40410595812685
3651,72784,111.36891876355983
1330,11050,98.64837874879811
2194,80631,112.9858248039239
2479,17812,100.04171615735447
1243,11050,98.64837874879811
3631,90611,115.04224410847766
3094,45164,105.67770621929381
2658,10334,98.50084405720888
532,63995,109.55790981889821
1929,72784,111.36891876355983
2885,43678,105.3715099180346
1613,11050,98.64837874879811
2597,60870,108.91399094848433
3208,83329,113.54175859988443
3138,38767,104.35957853480178
1960,17812,100.04171615735447
2131,90611,115.04224410847766
1073,90611,115.04224410847766
1386,11050,98.64837874879811
1068,70252,110.8471899379957
1217,80308,112.91926934947793
948,80308,112.91926934947793
2098,27885,102.11729848749175
2671,49661,106.6043312305742
3768,64619,109.68648753894246
1252,11050,98.64837874879811
2588,48671,106.40033773242708
733,70252,110.8471899379957
502,89272,114.76633775088273
3206,45164,105.67770621929381
1509,11050,98.64837874879811
1947,84395,113.76141220496001
710,70252,110.8471899379957
1565,72784,111.36891876355983
3094,72784,111.36891876355983
681,89272,114.76633775088273
216,39665,104.54461506140392
1764,84395,113.76141220496001
2861,49596,106.5909377180696
2983,90611,115.04224410847766
542,63995,109.55790981889821
2349,10334,98.50084405720888
3314,45164,105.67770621929381
108,57561,108.23215813498048
3719,64619,109.68648753894246
2498,48671,106.40033773242708
3202,36096,103.80920819788163
3640,36096,103.80920819788163
597,72784,111.36891876355983
3744,90611,115.04224410847766
3909,36108,103.81168084634402
624,63995,109.55790981889821
3070,45164,105.67770621929381
2410,83329,113.54175859988443
800,72784,111.36891876355983
2482,72784,111.36891876355983
2447,60870,108.91399094848433
653,90611,115.04224410847766
1436,83329,113.54175859988443
3936,36108,103.81168084634402
1180,34130,103.40410595812685
621,63995,109.55790981889821
1499,11050,98.64837874879811
2514,48671,106.40033773242708
2012,27885,102.11729848749175
3566,40194,104.65361764778757
1825,70315,110.86017134242324
1969,17812,100.04171615735447
1351,11050,98.64837874879811
1317,90611,115.04224410847766
1384,11050,98.64837874879811
2020,27885,102.11729848749175
1973,84395,113.76141220496001
295,39665,104.54461506140392
898,80308,112.91926934947793
3742,36108,103.81168084634402
3883,36108,103.81168084634402
2574,48671,106.40033773242708
2154,10334,98.50084405720888
1014,80308,112.91926934947793
761,70252,110.8471899379957
3286,45164,105.67770621929381
286,39665,104.54461506140392
1964,27885,102.11729848749175
564,90611,115.04224410847766
1369,34130,103.40410595812685
1945,84395,113.76141220496001
2301,59631,108.65868999474264
2545,60870,108.91399094848433
2582,90611,115.04224410847766
2423,48671,106.40033773242708
333,39665,104.54461506140392
3730,72784,111.36891876355983
2932,27240,101.98439363263833
3118,57561,108.23215813498048
3073,38767,104.35957853480178
1586,11050,98.64837874879811
2344,60870,108.91399094848433
549,63995,109.55790981889821
498,57561,108.23215813498048
1780,70315,110.86017134242324
1107,80308,112.91926934947793
676,70252,110.8471899379957
2701,49596,106.5909377180696
2023,43678,105.3715099180346
3623,83329,113.54175859988443
2168,80631,112.9858248039239
3192,17812,100.04171615735447
1276,11050,98.64837874879811
1862,84395,113.76141220496001
1119,80308,112.91926934947793
379,89272,114.76633775088273
2212,80631,112.9858248039239
3418,40194,104.65361764778757
1662,70315,110.86017134242324
1849,84395,113.76141220496001
2420,60870,108.91399094848433
2656,43678,105.3715099180346
88,39665,104.54461506140392
2154,59631,108.65868999474264
1740,70315,110.86017134242324
462,89272,114.76633775088273
408,63995,109.55790981889821
735,19632,100.41673450748351
1699,17812,100.04171615735447
113,68211,110.42663364535099
2063,84395,113.76141220496001
2599,17812,100.04171615735447
2570,90611,115.04224410847766
1958,72784,111.36891876355983
941,17812,100.04171615735447
1661,57561,108.23215813498048
3038,45164,105.67770621929381
1827,38767,104.35957853480178
1433,34130,103.40410595812685
140,72784,111.36891876355983
3672,36096,103.80920819788163
1486,10334,98.50084405720888
883,70252,110.8471899379957
1358,10334,98.50084405720888
210,39665,104.54461506140392
1236,80308,112.91926934947793
1346,90611,115.04224410847766
1536,70315,110.86017134242324
1640,11050,98.64837874879811
2692,49596,106.5909377180696
2612,60870,108.91399094848433
2204,80631,112.9858248039239
1713,70315,110.86017134242324
1932,84395,113.76141220496001
3367,83329,113.54175859988443
3005,83329,113.54175859988443
2535,17812,100.04171615735447
1558,11050,98.64837874879811
2123,84395,113.76141220496001
700,68211,110.42663364535099
2751,49596,106.5909377180696
3826,36108,103.81168084634402
3290,45164,105.67770621929381
3621,40194,104.65361764778757
404,68211,110.42663364535099
1145,70252,110.8471899379957
2444,90611,115.04224410847766
2492,60870,108.91399094848433
3615,40194,104.65361764778757
2636,57561,108.23215813498048
2310,59631,108.65868999474264
1527,17812,100.04171615735447
930,38767,104.35957853480178
929,80308,112.91926934947793
2128,27885,102.11729848749175
3130,45164,105.67770621929381
106,39665,104.54461506140392
2588,60870,108.91399094848433
1479,72784,111.36891876355983
590,63995,109.55790981889821
3653,83329,113.54175859988443
1421,11050,98.64837874879811
2396,60870,108.91399094848433
3846,36108,103.81168084634402
2960,27240,101.98439363263833
3396,45164,105.67770621929381
1392,57561,108.23215813498048
441,10334,98.50084405720888
2673,49661,106.6043312305742
1431,43678,105.3715099180346
1027,80308,112.91926934947793
1903,84395,113.76141220496001
507,10334,98.50084405720888
1881,38767,104.35957853480178
3002,45164,105.67770621929381
1793,70315,110.86017134242324
2678,38767,104.35957853480178
57,38767,104.35957853480178
89,38767,104.35957853480178
1746,70315,110.86017134242324
2039,57561,108.23215813498048
3429,43678,105.3715099180346
3550,40194,104.65361764778757
1004,80308,112.91926934947793
2780,49661,106.6043312305742
1540,11050,98.64837874879811
645,89272,114.76633775088273
143,54404,107.58164553533356
40,54404,107.58164553533356
1971,84395,113.76141220496001
884,80308,112.91926934947793
781,19632,100.41673450748351
3524,40194,104.65361764778757
2678,49596,106.5909377180696
852,10334,98.50084405720888
3504,43678,105.3715099180346
781,10334,98.50084405720888
2722,49661,106.6043312305742
2813,49661,106.6043312305742
2620,60870,108.91399094848433
29,39665,104.54461506140392
1851,70315,110.86017134242324
2488,83329,113.54175859988443
732,72784,111.36891876355983
2824,49661,106.6043312305742
2732,69997,110.79464615816993
1263,11050,98.64837874879811
1369,11050,98.64837874879811
1655,68211,110.42663364535099
568,63995,109.55790981889821
2256,17812,100.04171615735447
562,89272,114.76633775088273
1085,17812,100.04171615735447
501,10334,98.50084405720888
217,39665,104.54461506140392
3184,45164,105.67770621929381
157,90611,115.04224410847766
2564,48671,106.40033773242708
2509,60870,108.91399094848433
1470,70315,110.86017134242324
2845,49661,106.6043312305742
108,39665,104.54461506140392
65,54404,107.58164553533356
1915,27885,102.11729848749175
2929,27240,101.98439363263833
3437,83329,113.54175859988443
2752,69997,110.79464615816993
2199,59631,108.65868999474264
3111,90611,115.04224410847766
1650,70315,110.86017134242324
2401,38767,104.35957853480178
2114,43678,105.3715099180346
2157,59631,108.65868999474264
1762,68211,110.42663364535099
3194,45164,105.67770621929381
1,72784,111.36891876355983
2390,60870,108.91399094848433
1063,68211,110.42663364535099
1516,17812,100.04171615735447
2927,27240,101.98439363263833
49,72784,111.36891876355983
3771,83329,113.54175859988443
3790,36108,103.81168084634402
2523,38767,104.35957853480178
2288,59631,108.65868999474264
1839,84395,113.76141220496001
2344,48671,106.40033773242708
1671,70315,110.86017134242324
265,39665,104.54461506140392
1247,34130,103.40410595812685
2691,49596,106.5909377180696
1772,43678,105.3715099180346
3351,45164,105.67770621929381
1183,90611,115.04224410847766
979,80308,112.91926934947793
2156,72784,111.36891876355983
2400,60870,108.91399094848433
2699,49661,106.6043312305742
386,68211,110.42663364535099
3466,43678,105.3715099180346
2539,60870,108.91399094848433
2947,27240,101.98439363263833
1021,10334,98.50084405720888
3527,40194,104.65361764778757
3784,36108,103.81168084634402
1776,43678,105.3715099180346
293,39665,104.54461506140392
1498,70315,110.86017134242324
1457,11050,98.64837874879811
48,54404,107.58164553533356
765,70252,110.8471899379957
1405,11050,98.64837874879811
2619,48671,106.40033773242708
1889,17812,100.04171615735447
427,63995,109.55790981889821
1816,83329,113.54175859988443
1276,68211,110.42663364535099
576,63995,109.55790981889821
2682,49661,106.6043312305742
247,90611,115.04224410847766
363,90611,115.04224410847766
2070,72784,111.36891876355983
337,57561,108.23215813498048
3616,64619,109.68648753894246
1665,10334,98.50084405720888
1834,84395,113.76141220496001
14,39665,104.54461506140392
1352,98255,116.61732117901965
1296,68211,110.42663364535099
709,19632,100.41673450748351
2840,49596,106.5909377180696
2129,72784,111.36891876355983
3338,90611,115.04224410847766
1682,84395,113.76141220496001
718,70252,110.8471899379957
1844,84395,113.76141220496001
736,70252,110.8471899379957
735,70252,110.8471899379957
3404,45164,105.67770621929381
2132,83329,113.54175859988443
1732,70315,110.86017134242324
92,39665,104.54461506140392
2133,57561,108.23215813498048
2955,27240,101.98439363263833
3614,40194,104.65361764778757
1385,38767,104.35957853480178
2,72784,111.36891876355983
496,63995,109.55790981889821
449,89272,114.76633775088273
504,89272,114.76633775088273
1474,98255,116.61732117901965
1112,70252,110.8471899379957
2899,27240,101.98439363263833
911,57561,108.23215813498048
2214,80631,112.9858248039239
453,90611,115.04224410847766
878,68211,110.42663364535099
407,89272,114.76633775088273
1474,11050,98.64837874879811
2814,49661,106.6043312305742
1228,80308,112.91926934947793
2085,27885,102.11729848749175
1217,34130,103.40410595812685
2216,59631,108.65868999474264
1963,27885,102.11729848749175
388,63995,109.55790981889821
836,70252,110.8471899379957
2741,57561,108.23215813498048
1484,38767,104.35957853480178
609,10334,98.50084405720888
749,90611,115.04224410847766
1121,70252,110.8471899379957
764,90611,115.04224410847766
2174,10334,98.50084405720888
3169,45164,105.67770621929381
962,68211,110.42663364535099
953,80308,112.91926934947793
2312,38767,104.35957853480178
1388,11050,98.64837874879811
20,54404,107.58164553533356
1253,83329,113.54175859988443
15,54404,107.58164553533356
1974,10334,98.50084405720888
1665,11050,98.64837874879811
416,63995,109.55790981889821
2534,48671,106.40033773242708
1730,70315,110.86017134242324
2680,49596,106.5909377180696
444,89272,114.76633775088273
1710,70315,110.86017134242324
2974,83329,113.54175859988443
456,89272,114.76633775088273
2457,48671,106.40033773242708
8,39665,104.54461506140392
3931,36108,103.81168084634402
1596,11050,98.64837874879811
2884,69997,110.79464615816993
2036,27885,102.11729848749175
2936,90611,115.04224410847766
2483,48671,106.40033773242708
257,54404,107.58164553533356
331,38767,104.35957853480178
192,54404,107.58164553533356
3332,72784,111.36891876355983
2140,90611,115.04224410847766
1201,80308,112.91926934947793
2459,69997,110.79464615816993
1124,68211,110.42663364535099
225,90611,115.04224410847766
3350,45164,105.67770621929381
2987,43678,105.3715099180346
3014,83329,113.54175859988443
3217,43678,105.3715099180346
970,70252,110.8471899379957
794,70252,110.8471899379957
730,70252,110.8471899379957
64,90611,115.04224410847766
2498,69997,110.79464615816993
1767,84395,113.76141220496001
2724,49596,106.5909377180696
1062,80308,112.91926934947793
2426,60870,108.91399094848433
1836,84395,113.76141220496001
1862,70315,110.86017134242324
704,70252,110.8471899379957
362,10334,98.50084405720888
245,39665,104.54461506140392
3342,64619,109.68648753894246
313,38767,104.35957853480178
1078,70252,110.8471899379957
1044,38767,104.35957853480178
565,68211,110.42663364535099
1688,70315,110.86017134242324
840,24125,101.34253530260978
666,68211,110.42663364535099
2800,17812,100.04171615735447
1877,70315,110.86017134242324
1111,70252,110.8471899379957
1324,11050,98.64837874879811
1350,34130,103.40410595812685
799,19632,100.41673450748351
3456,72784,111.36891876355983
1723,68211,110.42663364535099
738,19632,100.41673450748351
63,39665,104.54461506140392
2779,38767,104.35957853480178
1158,17812,100.04171615735447
1230,98255,116.61732117901965
252,68211,110.42663364535099
155,57561,108.23215813498048
2648,72449,111.29989066065147
2386,60870,108.91399094848433
2467,72784,111.36891876355983
1002,70252,110.8471899379957
1508,11050,98.64837874879811
2447,17812,100.04171615735447
2816,49596,106.5909377180696
605,89272,114.76633775088273
1082,70252,110.8471899379957
1039,70252,110.8471899379957
2388,48671,106.40033773242708
1026,70252,110.8471899379957
263,39665,104.54461506140392
3044,57561,108.23215813498048
2008,84395,113.76141220496001
3131,45164,105.67770621929381
655,63995,109.55790981889821
623,63995,109.55790981889821
1911,10334,98.50084405720888
3687,10334,98.50084405720888
1785,70315,110.86017134242324
2124,27885,102.11729848749175
354,90611,115.04224410847766
2493,17812,100.04171615735447
691,98255,116.61732117901965
1172,80308,112.91926934947793
1107,70252,110.8471899379957
2122,57561,108.23215813498048
144,54404,107.58164553533356
3384,38767,104.35957853480178
467,89272,114.76633775088273
577,63995,109.55790981889821
940,80308,112.91926934947793
2810,49661,106.6043312305742
2249,59631,108.65868999474264
151,68211,110.42663364535099
1981,27885,102.11729848749175
2970,27240,101.98439363263833
2083,43678,105.3715099180346
1884,84395,113.76141220496001
1486,70315,110.86017134242324
3905,36108,103.81168084634402
3349,45164,105.67770621929381
1206,10334,98.50084405720888
76,39665,104.54461506140392
3353,45164,105.67770621929381
889,68211,110.42663364535099
1241,38767,104.35957853480178
2305,90611,115.04224410847766
2025,38767,104.35957853480178
3595,40194,104.65361764778757
3120,10334,98.50084405720888
2531,48671,106.40033773242708
1575,68211,110.42663364535099
2168,59631,108.65868999474264
3635,40194,104.65361764778757
536,89272,114.76633775088273
1743,10334,98.50084405720888
2555,60870,108.91399094848433
1415,11050,98.64837874879811
683,70252,110.8471899379957
3307,45164,105.67770621929381
647,63995,109.55790981889821
3782,36108,103.81168084634402
1744,70315,110.86017134242324
477,10334,98.50084405720888
1076,70252,110.8471899379957
290,39665,104.54461506140392
3669,17812,100.04171615735447
2020,57561,108.23215813498048
3544,64619,109.68648753894246
2271,59631,108.65868999474264
1833,70315,110.86017134242324
3656,10334,98.50084405720888
2619,60870,108.91399094848433
3588,90611,115.04224410847766
1019,80308,112.91926934947793
1954,57561,108.23215813498048
3043,45164,105.67770621929381
1043,80308,112.91926934947793
3448,40194,104.65361764778757
2922,27240,101.98439363263833
1277,34130,103.40410595812685
185,39665,104.54461506140392
902,10334,98.50084405720888
2025,27885,102.11729848749175
1605,11050,98.64837874879811
3399,45164,105.67770621929381
263,54404,107.58164553533356
2212,72784,111.36891876355983
1454,34130,103.40410595812685
2197,57561,108.23215813498048
1826,84395,113.76141220496001
1340,11050,98.64837874879811
3602,40194,104.65361764778757
3815,36108,103.81168084634402
2095,84395,113.76141220496001
381,63995,109.55790981889821
2221,59631,108.65868999474264
2055,27885,102.11729848749175
2675,57561,108.23215813498048
1377,38767,104.35957853480178
2818,49596,106.5909377180696
1454,11050,98.64837874879811
3894,36108,103.81168084634402
3007,90611,115.04224410847766
2447,48671,106.40033773242708
3344,45164,105.67770621929381
1708,84395,113.76141220496001
1353,11050,98.64837874879811
113,54404,107.58164553533356
2638,49661,106.6043312305742
2992,45164,105.67770621929381
1618,11050,98.64837874879811
3458,40194,104.65361764778757
1603,11050,98.64837874879811
2152,59631,108.65868999474264
153,54404,107.58164553533356
1120,80308,112.91926934947793
1935,27885,102.11729848749175
2935,72784,111.36891876355983
171,38767,104.35957853480178
2324,60870,108.91399094848433
3003,45164,105.67770621929381
2319,43678,105.3715099180346
568,89272,114.76633775088273
584,89272,114.76633775088273
2957,27240,101.98439363263833
530,63995,109.55790981889821
1406,34130,103.40410595812685
2840,49661,106.6043312305742
2753,49661,106.6043312305742
2287,90611,115.04224410847766
1435,90611,115.04224410847766
1906,57561,108.23215813498048
94,54404,107.58164553533356
83,68211,110.42663364535099
3126,36096,103.80920819788163
3245,45164,105.67770621929381
3834,90611,115.04224410847766
144,39665,104.54461506140392
523,90611,115.04224410847766
1367,11050,98.64837874879811
240,54404,107.58164553533356
2565,69997,110.79464615816993
758,70252,110.8471899379957
117,54404,107.58164553533356
1337,72784,111.36891876355983
3463,40194,104.65361764778757
61,57561,108.23215813498048
2702,49661,106.6043312305742
3355,45164,105.67770621929381
3287,45164,105.67770621929381
3401,90611,115.04224410847766
2455,43678,105.3715099180346
2572,72784,111.36891876355983
2051,84395,113.76141220496001
1761,84395,113.76141220496001
517,89272,114.76633775088273
675,89272,114.76633775088273
2014,84395,113.76141220496001
1595,70315,110.86017134242324
480,57561,108.23215813498048
1793,17812,100.04171615735447
431,63995,109.55790981889821
139,54404,107.58164553533356
0,39665,104.54461506140392
2882,27240,101.98439363263833
1373,34130,103.40410595812685
349,39665,104.54461506140392
1330,34130,103.40410595812685
2122,27885,102.11729848749175
43,54404,107.58164553533356
2746,57561,108.23215813498048
2698,49661,106.6043312305742
1408,34130,103.40410595812685
1910,84395,113.76141220496001
2442,38767,104.35957853480178
3123,45164,105.67770621929381
1795,70315,110.86017134242324
1891,27885,102.11729848749175
3786,64619,109.68648753894246
1155,34130,103.40410595812685
2816,49661,106.6043312305742
3644,36096,103.80920819788163
1442,11050,98.64837874879811
3445,40194,104.65361764778757
2611,48671,106.40033773242708
3432,90611,115.04224410847766
708,70252,110.8471899379957
369,90611,115.04224410847766
346,89272,114.76633775088273
916,70252,110.8471899379957
1189,68211,110.42663364535099
1131,17812,100.04171615735447
3348,36096,103.80920819788163
2651,49661,106.6043312305742
2742,49596,106.5909377180696
2449,69997,110.79464615816993
635,38767,104.35957853480178
3231,45164,105.67770621929381
842,90611,115.04224410847766
3032,72784,111.36891876355983
1949,84395,113.76141220496001
1573,11050,98.64837874879811
505,89272,114.76633775088273
782,70252,110.8471899379957
2377,48671,106.40033773242708
1156,34130,103.40410595812685
286,10334,98.50084405720888
2415,60870,108.91399094848433
1865,38767,104.35957853480178
316,39665,104.54461506140392
2209,90611,115.04224410847766
2066,17812,100.04171615735447
1381,11050,98.64837874879811
3013,45164,105.67770621929381
379,63995,109.55790981889821
4,72784,111.36891876355983
2523,48671,106.40033773242708
1568,57561,108.23215813498048
886,57561,108.23215813498048
3495,83329,113.54175859988443
676,89272,114.76633775088273
62,38767,104.35957853480178
1109,80308,112.91926934947793
2021,84395,113.76141220496001
1597,70315,110.86017134242324
727,10334,98.50084405720888
1803,70315,110.86017134242324
144,38767,104.35957853480178
1494,70315,110.86017134242324
341,89272,114.76633775088273
103,39665,104.54461506140392
1484,11050,98.64837874879811
324,72784,111.36891876355983
2215,59631,108.65868999474264
3322,83329,113.54175859988443
2614,48671,106.40033773242708
2848,49596,106.5909377180696
756,70252,110.8471899379957
694,89272,114.76633775088273
3934,36108,103.81168084634402
2806,57561,108.23215813498048
3523,90611,115.04224410847766
3118,45164,105.67770621929381
947,80308,112.91926934947793
513,10334,98.50084405720888
341,57561,108.23215813498048
1413,34130,103.40410595812685
86,57561,108.23215813498048
3295,45164,105.67770621929381
2989,10334,98.50084405720888
67,72784,111.36891876355983
398,10334,98.50084405720888
125,68211,110.42663364535099
1097,80308,112.91926934947793
2127,27885,102.11729848749175
2232,59631,108.65868999474264
1892,84395,113.76141220496001
567,63995,109.55790981889821
3470,40194,104.65361764778757
1897,84395,113.76141220496001
1250,11050,98.64837874879811
1808,68211,110.42663364535099
1991,83329,113.54175859988443
1786,70315,110.86017134242324
1434,34130,103.40410595812685
3665,90611,115.04224410847766
82,90611,115.04224410847766
3071,45164,105.67770621929381
2513,48671,106.40033773242708
1923,27885,102.11729848749175
3352,83329,113.54175859988443
3282,57561,108.23215813498048
1224,34130,103.40410595812685
3668,40194,104.65361764778757
1199,34130,103.40410595812685
1516,70315,110.86017134242324
764,70252,110.8471899379957
2739,49661,106.6043312305742
296,89272,114.76633775088273
36,39665,104.54461506140392
3788,83329,113.54175859988443
1182,80308,112.91926934947793
2268,90611,115.04224410847766
1293,11050,98.64837874879811
1530,70315,110.86017134242324
332,10334,98.50084405720888
3643,40194,104.65361764778757
2337,48671,106.40033773242708
2485,48671,106.40033773242708
1150,72784,111.36891876355983
2073,17812,100.04171615735447
1351,34130,103.40410595812685
1234,80308,112.91926934947793
2328,60870,108.91399094848433
1921,27885,102.11729848749175
2069,27885,102.11729848749175
1360,34130,103.40410595812685
3014,45164,105.67770621929381
1147,80308,112.91926934947793
461,89272,114.76633775088273
486,63995,109.55790981889821
2270,59631,108.65868999474264
2834,38767,104.35957853480178
1279,11050,98.64837874879811
2603,17812,100.04171615735447
479,72784,111.36891876355983
1124,80308,112.91926934947793
1291,10334,98.50084405720888
637,63995,109.55790981889821
1071,70252,110.8471899379957
3375,45164,105.67770621929381
1115,80308,112.91926934947793
1190,34130,103.40410595812685
3459,40194,104.65361764778757
1030,80308,112.91926934947793
1017,72784,111.36891876355983
2417,48671,106.40033773242708
149,39665,104.54461506140392
1015,68211,110.42663364535099
634,90611,115.04224410847766
3100,45164,105.67770621929381
167,39665,104.54461506140392
1102,80308,112.91926934947793
1354,38767,104.35957853480178
229,57561,108.23215813498048
1953,27885,102.11729848749175
1882,17812,100.04171615735447
801,70252,110.8471899379957
2516,48671,106.40033773242708
1553,83329,113.54175859988443
1637,57561,108.23215813498048
143,90611,115.04224410847766
742,70252,110.8471899379957
848,24125,101.34253530260978
3289,64619,109.68648753894246
764,19632,100.41673450748351
2369,60870,108.91399094848433
2668,38767,104.35957853480178
1862,57561,108.23215813498048
1576,70315,110.86017134242324
2363,60870,108.91399094848433
2157,80631,112.9858248039239
1086,90611,115.04224410847766
3724,36108,103.81168084634402
1669,70315,110.86017134242324
533,89272,114.76633775088273
799,70252,110.8471899379957
3139,45164,105.67770621929381
2719,49661,106.6043312305742
2013,43678,105.3715099180346
3131,90611,115.04224410847766
3496,64619,109.68648753894246
1210,34130,103.40410595812685
1562,70315,110.86017134242324
1584,83329,113.54175859988443
2121,84395,113.76141220496001
2627,49661,106.6043312305742
2790,49661,106.6043312305742
2246,90611,115.04224410847766
3101,45164,105.67770621929381
1188,34130,103.40410595812685
3312,45164,105.67770621929381
135,54404,107.58164553533356
586,63995,109.55790981889821
1758,70315,110.86017134242324
3359,57561,108.23215813498048
473,89272,114.76633775088273
1661,11050,98.64837874879811
171,54404,107.58164553533356
618,89272,114.76633775088273
2825,49661,106.6043312305742
2566,60870,108.91399094848433
1805,70315,110.86017134242324
1203,80308,112.91926934947793
23,39665,104.54461506140392
2726,38767,104.35957853480178
232,54404,107.58164553533356
3691,72784,111.36891876355983
1067,68211,110.42663364535099
297,10334,98.50084405720888
3540,36096,103.80920819788163
2919,27240,101.98439363263833
1427,34130,103.40410595812685
789,70252,110.8471899379957
1793,84395,113.76141220496001
1347,34130,103.40410595812685
629,89272,114.76633775088273
3641,83329,113.54175859988443
3601,17812,100.04171615735447
543,89272,114.76633775088273
3869,36108,103.81168084634402
2844,49661,106.6043312305742
788,19632,100.41673450748351
699,89272,114.76633775088273
2889,72784,111.36891876355983
2586,43678,105.3715099180346
1418,34130,103.40410595812685
1877,10334,98.50084405720888
2407,57561,108.23215813498048
605,63995,109.55790981889821
3259,57561,108.23215813498048
2370,60870,108.91399094848433
993,70252,110.8471899379957
2312,59631,108.65868999474264
1775,70315,110.86017134242324
968,90611,115.04224410847766
2446,43678,105.3715099180346
2627,48671,106.40033773242708
3155,17812,100.04171615735447
3029,43678,105.3715099180346
2676,72449,111.29989066065147
2821,49661,106.6043312305742
1498,57561,108.23215813498048
2515,60870,108.91399094848433
2108,27885,102.11729848749175
3608,40194,104.65361764778757
3061,45164,105.67770621929381
610,89272,114.76633775088273
3469,40194,104.65361764778757
2638,72449,111.29989066065147
679,89272,114.76633775088273
1042,80308,112.91926934947793
1851,84395,113.76141220496001
2599,60870,108.91399094848433
1253,34130,103.40410595812685
16,54404,107.58164553533356
570,89272,114.76633775088273
2044,84395,113.76141220496001
1310,34130,103.40410595812685
1721,84395,113.76141220496001
2150,59631,108.65868999474264
2303,57561,108.23215813498048
2802,83329,113.54175859988443
3254,45164,105.67770621929381
115,38767,104.35957853480178
1671,11050,98.64837874879811
1315,34130,103.40410595812685
3470,72784,111.36891876355983
2650,10334,98.50084405720888
768,19632,100.41673450748351
2408,90611,115.04224410847766
267,39665,104.54461506140392
2554,38767,104.35957853480178
715,70252,110.8471899379957
905,80308,112.91926934947793
700,89272,114.76633775088273
1339,34130,103.40410595812685
2871,72784,111.36891876355983
846,24125,101.34253530260978
738,70252,110.8471899379957
3902,36108,103.81168084634402
965,70252,110.8471899379957
252,39665,104.54461506140392
2225,80631,112.9858248039239
1609,90611,115.04224410847766
50,39665,104.54461506140392
1008,98255,116.61732117901965
3008,10334,98.50084405720888
2567,83329,113.54175859988443
872,70252,110.8471899379957
1465,90611,115.04224410847766
1419,72784,111.36891876355983
2723,83329,113.54175859988443
362,89272,114.76633775088273
2229,80631,112.9858248039239
870,80308,112.91926934947793
3353,36096,103.80920819788163
248,39665,104.54461506140392
1513,11050,98.64837874879811
1444,11050,98.64837874879811
1883,70315,110.86017134242324
2737,49596,106.5909377180696
554,63995,109.55790981889821
971,70252,110.8471899379957
1307,17812,100.04171615735447
2507,48671,106.40033773242708
1593,11050,98.64837874879811
3164,72784,111.36891876355983
971,80308,112.91926934947793
3133,45164,105.67770621929381
2644,72784,111.36891876355983
1310,90611,115.04224410847766
2645,49661,106.6043312305742
447,63995,109.55790981889821
1896,90611,115.04224410847766
244,38767,104.35957853480178
2389,57561,108.23215813498048
1421,83329,113.54175859988443
1360,11050,98.64837874879811
2317,59631,108.65868999474264
836,24125,101.34253530260978
107,38767,104.35957853480178
3141,72784,111.36891876355983
461,63995,109.55790981889821
3413,40194,104.65361764778757
894,80308,112.91926934947793
3690,72784,111.36891876355983
2148,72784,111.36891876355983
2795,90611,115.04224410847766
1285,38767,104.35957853480178
3288,45164,105.67770621929381
750,70252,110.8471899379957
1175,34130,103.40410595812685
267,54404,107.58164553533356
376,63995,109.55790981889821
410,63995,109.55790981889821
838,24125,101.34253530260978
2317,60870,108.91399094848433
3870,36108,103.81168084634402
3309,72784,111.36891876355983
508,89272,114.76633775088273
1886,70315,110.86017134242324
1407,11050,98.64837874879811
796,19632,100.41673450748351
1113,80308,112.91926934947793
3404,38767,104.35957853480178
730,19632,100.41673450748351
1080,17812,100.04171615735447
1211,80308,112.91926934947793
274,39665,104.54461506140392
1496,70315,110.86017134242324
3022,45164,105.67770621929381
1701,84395,113.76141220496001
1440,11050,98.64837874879811
2350,60870,108.91399094848433
2110,17812,100.04171615735447
2762,49596,106.5909377180696
519,10334,98.50084405720888
2626,48671,106.40033773242708
767,68211,110.42663364535099
3577,43678,105.3715099180346
0,54404,107.58164553533356
1976,84395,113.76141220496001
3058,45164,105.67770621929381
472,57561,108.23215813498048
467,63995,109.55790981889821
737,19632,100.41673450748351
2582,48671,106.40033773242708
1508,70315,110.86017134242324
1875,72784,111.36891876355983
3229,45164,105.67770621929381
1684,70315,110.86017134242324
499,63995,109.55790981889821
1366,72784,111.36891876355983
3316,45164,105.67770621929381
513,63995,109.55790981889821
2323,43678,105.3715099180346
2552,72784,111.36891876355983
3196,64619,109.68648753894246
1667,11050,98.64837874879811
2286,43678,105.3715099180346
921,70252,110.8471899379957
2663,83329,113.54175859988443
2291,83329,113.54175859988443
114,54404,107.58164553533356
1274,72784,111.36891876355983
2406,48671,106.40033773242708
474,63995,109.55790981889821
549,38767,104.35957853480178
1507,11050,98.64837874879811
465,63995,109.55790981889821
2595,48671,106.40033773242708
791,38767,104.35957853480178
21,54404,107.58164553533356
2029,27885,102.11729848749175
2741,49661,106.6043312305742
480,63995,109.55790981889821
3222,36096,103.80920819788163
3467,40194,104.65361764778757
1587,10334,98.50084405720888
3842,36108,103.81168084634402
1105,80308,112.91926934947793
1624,57561,108.23215813498048
2138,27885,102.11729848749175
2407,48671,106.40033773242708
2585,48671,106.40033773242708
2040,17812,100.04171615735447
716,19632,100.41673450748351
1784,84395,113.76141220496001
3542,40194,104.65361764778757
2586,60870,108.91399094848433
1349,34130,103.40410595812685
3434,40194,104.65361764778757
599,89272,114.76633775088273
2815,49596,106.5909377180696
3675,83329,113.54175859988443
595,89272,114.76633775088273
1692,70315,110.86017134242324
236,38767,104.35957853480178
2391,48671,106.40033773242708
2237,10334,98.50084405720888
1606,70315,110.86017134242324
2592,48671,106.40033773242708
2148,80631,112.9858248039239
2077,84395,113.76141220496001
714,70252,110.8471899379957
3632,40194,104.65361764778757
388,10334,98.50084405720888
3187,45164,105.67770621929381
1681,84395,113.76141220496001
2713,49661,106.6043312305742
934,10334,98.50084405720888
2628,83329,113.54175859988443
1971,27885,102.11729848749175
3557,40194,104.65361764778757
2000,43678,105.3715099180346
2375,90611,115.04224410847766
1616,70315,110.86017134242324
2120,43678,105.3715099180346
2425,48671,106.40033773242708
1446,34130,103.40410595812685
210,54404,107.58164553533356
1020,70252,110.8471899379957
705,70252,110.8471899379957
2517,60870,108.91399094848433
619,89272,114.76633775088273
2109,27885,102.11729848749175
1126,80308,112.91926934947793
2525,60870,108.91399094848433
1118,72784,111.36891876355983
824,24125,101.34253530260978
1566,70315,110.86017134242324
908,70252,110.8471899379957
851,98255,116.61732117901965
197,68211,110.42663364535099
2351,83329,113.54175859988443
1120,90611,115.04224410847766
879,38767,104.35957853480178
185,54404,107.58164553533356
3649,40194,104.65361764778757
1128,80308,112.91926934947793
2075,27885,102.11729848749175
2729,49661,106.6043312305742
2245,59631,108.65868999474264
594,63995,109.55790981889821
1558,70315,110.86017134242324
3611,90611,115.04224410847766
440,63995,109.55790981889821
984,10334,98.50084405720888
1305,11050,98.64837874879811
2554,48671,106.40033773242708
3050,45164,105.67770621929381
334,89272,114.76633775088273
2147,57561,108.23215813498048
3055,45164,105.67770621929381
10,39665,104.54461506140392
1130,90611,115.04224410847766
2407,60870,108.91399094848433
2451,60870,108.91399094848433
298,68211,110.42663364535099
93,39665,104.54461506140392
1402,11050,98.64837874879811
2012,84395,113.76141220496001
1913,84395,113.76141220496001
3437,40194,104.65361764778757
885,80308,112.91926934947793
957,80308,112.91926934947793
2913,27240,101.98439363263833
1885,84395,113.76141220496001
292,39665,104.54461506140392
788,70252,110.8471899379957
489,10334,98.50084405720888
3025,45164,105.67770621929381
2968,27240,101.98439363263833
1798,84395,113.76141220496001
1210,80308,112.91926934947793
2340,48671,106.40033773242708
1734,84395,113.76141220496001
2948,83329,113.54175859988443
3518,43678,105.3715099180346
3412,40194,104.65361764778757
112,57561,108.23215813498048
1318,34130,103.40410595812685
2297,43678,105.3715099180346
2586,48671,106.40033773242708
2198,90611,115.04224410847766
2820,49596,106.5909377180696
2654,83329,113.54175859988443
2777,38767,104.35957853480178
2152,17812,100.04171615735447
3532,40194,104.65361764778757
1098,80308,112.91926934947793
729,19632,100.41673450748351
969,80308,112.91926934947793
373,38767,104.35957853480178
2991,45164,105.67770621929381
79,54404,107.58164553533356
872,38767,104.35957853480178
2949,36096,103.80920819788163
1577,11050,98.64837874879811
3844,36108,103.81168084634402
2581,10334,98.50084405720888
3483,64619,109.68648753894246
1872,68211,110.42663364535099
1095,80308,112.91926934947793
1812,84395,113.76141220496001
135,38767,104.35957853480178
1061,80308,112.91926934947793
1996,84395,113.76141220496001
600,89272,114.76633775088273
912,80308,112.91926934947793
312,89272,114.76633775088273
837,70252,110.8471899379957
2484,38767,104.35957853480178
2462,60870,108.91399094848433
1348,83329,113.54175859988443
1104,10334,98.50084405720888
227,39665,104.54461506140392
2088,27885,102.11729848749175
3411,40194,104.65361764778757
1859,84395,113.76141220496001
1887,84395,113.76141220496001
884,68211,110.42663364535099
3272,45164,105.67770621929381
1797,43678,105.3715099180346
561,89272,114.76633775088273
1789,84395,113.76141220496001
2227,59631,108.65868999474264
1860,84395,113.76141220496001
1972,84395,113.76141220496001
157,39665,104.54461506140392
2578,60870,108.91399094848433
2657,72784,111.36891876355983
280,57561,108.23215813498048
608,89272,114.76633775088273
1441,34130,103.40410595812685
3715,17812,100.04171615735447
1756,84395,113.76141220496001
1790,83329,113.54175859988443
700,70252,110.8471899379957
1537,68211,110.42663364535099
1670,70315,110.86017134242324
1265,10334,98.50084405720888
3047,45164,105.67770621929381
684,89272,114.76633775088273
2061,84395,113.76141220496001
1160,68211,110.42663364535099
3128,38767,104.35957853480178
2247,80631,112.9858248039239
478,90611,115.04224410847766
2811,49661,106.6043312305742
3742,43678,105.3715099180346
407,68211,110.42663364535099
2167,59631,108.65868999474264
2597,10334,98.50084405720888
1274,11050,98.64837874879811
2935,27240,101.98439363263833
2432,72784,111.36891876355983
3293,72784,111.36891876355983
474,68211,110.42663364535099
2265,17812,100.04171615735447
706,89272,114.76633775088273
329,72784,111.36891876355983
2478,83329,113.54175859988443
1719,84395,113.76141220496001
1402,34130,103.40410595812685
1543,70315,110.86017134242324
864,80308,112.91926934947793
1950,84395,113.76141220496001
1343,11050,98.64837874879811
2755,10334,98.50084405720888
1942,90611,115.04224410847766
152,54404,107.58164553533356
436,89272,114.76633775088273
2502,83329,113.54175859988443
3420,72784,111.36891876355983
983,57561,108.23215813498048
2581,60870,108.91399094848433
2308,60870,108.91399094848433
603,63995,109.55790981889821
1166,68211,110.42663364535099
2236,59631,108.65868999474264
2464,48671,106.40033773242708
3541,17812,100.04171615735447
393,63995,109.55790981889821
3526,10334,98.50084405720888
2732,49596,106.5909377180696
3872,36108,103.81168084634402
939,98255,116.61732117901965
569,90611,115.04224410847766
95,39665,104.54461506140392
1270,11050,98.64837874879811
1047,80308,112.91926934947793
924,80308,112.91926934947793
2184,59631,108.65868999474264
2166,80631,112.9858248039239
2974,27240,101.98439363263833
2708,49661,106.6043312305742
3031,45164,105.67770621929381
578,38767,104.35957853480178
1038,80308,112.91926934947793
463,57561,108.23215813498048
754,90611,115.04224410847766
2145,59631,108.65868999474264
1063,80308,112.91926934947793
1931,84395,113.76141220496001
3080,45164,105.67770621929381
819,24125,101.34253530260978
268,54404,107.58164553533356
2067,27885,102.11729848749175
3492,72784,111.36891876355983
1631,70315,110.86017134242324
1292,11050,98.64837874879811
3378,45164,105.67770621929381
1526,43678,105.3715099180346
3543,40194,104.65361764778757
1036,80308,112.91926934947793
1496,38767,104.35957853480178
1355,34130,103.40410595812685
1980,57561,108.23215813498048
1835,70315,110.86017134242324
1950,27885,102.11729848749175
1260,11050,98.64837874879811
2392,60870,108.91399094848433
1423,72784,111.36891876355983
2849,49661,106.6043312305742
3669,40194,104.65361764778757
2332,60870,108.91399094848433
1482,68211,110.42663364535099
1823,68211,110.42663364535099
2304,59631,108.65868999474264
979,68211,110.42663364535099
2392,48671,106.40033773242708
1670,57561,108.23215813498048
780,19632,100.41673450748351
2412,48671,106.40033773242708
19,39665,104.54461506140392
1322,68211,110.42663364535099
2668,49661,106.6043312305742
3493,90611,115.04224410847766
2610,17812,100.04171615735447
1599,70315,110.86017134242324
1231,72784,111.36891876355983
1256,10334,98.50084405720888
2480,60870,108.91399094848433
283,89272,114.76633775088273
3541,40194,104.65361764778757
2495,48671,106.40033773242708
2907,27240,101.98439363263833
1934,72784,111.36891876355983
3024,45164,105.67770621929381
1261,34130,103.40410595812685
1442,72784,111.36891876355983
878,80308,112.91926934947793
809,70252,110.8471899379957
1755,38767,104.35957853480178
3125,45164,105.67770621929381
1692,10334,98.50084405720888
3111,45164,105.67770621929381
250,54404,107.58164553533356
8,72784,111.36891876355983
3880,36108,103.81168084634402
522,89272,114.76633775088273
3658,40194,104.65361764778757
1142,70252,110.8471899379957
3524,72784,111.36891876355983
1702,70315,110.86017134242324
195,54404,107.58164553533356
164,68211,110.42663364535099
1333,72784,111.36891876355983
2252,59631,108.65868999474264
3028,17812,100.04171615735447
1240,90611,115.04224410847766
2495,60870,108.91399094848433
3685,36108,103.81168084634402
3426,64619,109.68648753894246
1880,70315,110.86017134242324
2874,27240,101.98439363263833
1146,80308,112.91926934947793
2971,36096,103.80920819788163
2266,43678,105.3715099180346
387,89272,114.76633775088273
1418,11050,98.64837874879811
2403,38767,104.35957853480178
2956,27240,101.98439363263833
1418,10334,98.50084405720888
3752,64619,109.68648753894246
620,63995,109.55790981889821
3625,40194,104.65361764778757
2483,69997,110.79464615816993
1684,84395,113.76141220496001
2930,27240,101.98439363263833
3884,36108,103.81168084634402
182,38767,104.35957853480178
5,72784,111.36891876355983
3698,36108,103.81168084634402
2954,27240,101.98439363263833
1046,70252,110.8471899379957
413,68211,110.42663364535099
3194,17812,100.04171615735447
149,38767,104.35957853480178
919,80308,112.91926934947793
2799,90611,115.04224410847766
1568,70315,110.86017134242324
462,63995,109.55790981889821
743,70252,110.8471899379957
222,39665,104.54461506140392
1988,90611,115.04224410847766
2274,10334,98.50084405720888
701,90611,115.04224410847766
3315,45164,105.67770621929381
625,63995,109.55790981889821
3800,38767,104.35957853480178
1527,11050,98.64837874879811
2671,43678,105.3715099180346
1610,43678,105.3715099180346
677,10334,98.50084405720888
2847,49596,106.5909377180696
2181,80631,112.9858248039239
353,39665,104.54461506140392
456,63995,109.55790981889821
3080,43678,105.3715099180346
239,39665,104.54461506140392
3560,72784,111.36891876355983
2202,80631,112.9858248039239
276,90611,115.04224410847766
2642,10334,98.50084405720888
2260,59631,108.65868999474264
22,54404,107.58164553533356
1018,70252,110.8471899379957
2506,60870,108.91399094848433
3093,10334,98.50084405720888
1760,70315,110.86017134242324
1281,11050,98.64837874879811
2201,80631,112.9858248039239
1240,11050,98.64837874879811
1103,70252,110.8471899379957
954,80308,112.91926934947793
1642,11050,98.64837874879811
1425,10334,98.50084405720888
3323,64619,109.68648753894246
2615,48671,106.40033773242708
1967,84395,113.76141220496001
2040,84395,113.76141220496001
2232,80631,112.9858248039239
793,19632,100.41673450748351
1164,80308,112.91926934947793
2307,60870,108.91399094848433
1034,70252,110.8471899379957
3584,36096,103.80920819788163
3023,45164,105.67770621929381
2694,57561,108.23215813498048
906,70252,110.8471899379957
516,89272,114.76633775088273
2524,69997,110.79464615816993
3718,90611,115.04224410847766
2297,60870,108.91399094848433
2455,48671,106.40033773242708
120,72784,111.36891876355983
2758,49661,106.6043312305742
2999,10334,98.50084405720888
2876,27240,101.98439363263833
3689,36108,103.81168084634402
2996,45164,105.67770621929381
1976,83329,113.54175859988443
333,72784,111.36891876355983
967,80308,112.91926934947793
1106,80308,112.91926934947793
1901,27885,102.11729848749175
2855,49596,106.5909377180696
1569,70315,110.86017134242324
2625,49661,106.6043312305742
347,39665,104.54461506140392
1242,34130,103.40410595812685
2163,90611,115.04224410847766
130,54404,107.58164553533356
2903,83329,113.54175859988443
1342,17812,100.04171615735447
3276,72784,111.36891876355983
1471,11050,98.64837874879811
1490,11050,98.64837874879811
3928,36108,103.81168084634402
2613,48671,106.40033773242708
2589,48671,106.40033773242708
1563,90611,115.04224410847766
269,72784,111.36891876355983
2874,69997,110.79464615816993
763,70252,110.8471899379957
